00000001,senha0001,1
00000002,senha0002,1
00000003,senha0003,1
00000004,senha0004,1
00000005,senha0005,1
00000006,senha0006,1
00000007,senha0007,1
00000008,senha0008,1
00000009,senha0009,1
00000010,senha0010,1
00000011,senha0011,1
00000012,senha0012,1
00000013,senha0013,1
00000014,senha0014,1
00000015,senha0015,1
00000016,senha0016,1
00000017,senha0017,1
00000018,senha0018,1
00000019,senha0019,1
00000020,senha0020,1
00000021,senha0021,1
00000022,senha0022,1
00000023,senha0023,1
00000024,senha0024,1
00000025,senha0025,1
00000026,senha0026,1
00000027,senha0027,1
00000028,senha0028,1
00000029,senha0029,1
00000030,senha0030,1
00000031,senha0031,1
00000032,senha0032,1
00000033,senha0033,1
00000034,senha0034,1
00000035,senha0035,1
00000036,senha0036,1
00000037,senha0037,1
00000038,senha0038,1
00000039,senha0039,1
00000040,senha0040,1
00000041,senha0041,1
00000042,senha0042,1
00000043,senha0043,1
00000044,senha0044,1
00000045,senha0045,1
00000046,senha0046,1
00000047,senha0047,1
00000048,senha0048,1
00000049,senha0049,1
00000050,senha0050,1
00000051,senha0051,1
00000052,senha0052,1
00000053,senha0053,1
00000054,senha0054,1
00000055,senha0055,1
00000056,senha0056,1
00000057,senha0057,1
00000058,senha0058,1
00000059,senha0059,1
00000060,senha0060,1
00000061,senha0061,1
00000062,senha0062,1
00000063,senha0063,1
00000064,senha0064,1
00000065,senha0065,1
00000066,senha0066,1
00000067,senha0067,1
00000068,senha0068,1
00000069,senha0069,1
00000070,senha0070,1
00000071,senha0071,1
00000072,senha0072,1
00000073,senha0073,1
00000074,senha0074,1
00000075,senha0075,1
00000076,senha0076,1
00000077,senha0077,1
00000078,senha0078,1
00000079,senha0079,1
00000080,senha0080,1
00000081,senha0081,1
00000082,senha0082,1
00000083,senha0083,1
00000084,senha0084,1
00000085,senha0085,1
00000086,senha0086,1
00000087,senha0087,1
00000088,senha0088,1
00000089,senha0089,1
00000090,senha0090,1
00000091,senha0091,1
00000092,senha0092,1
00000093,senha0093,1
00000094,senha0094,1
00000095,senha0095,1
00000096,senha0096,1
00000097,senha0097,1
00000098,senha0098,1
00000099,senha0099,1
00000100,senha0100,1
00000101,senha0101,1
00000102,senha0102,1
00000103,senha0103,1
00000104,senha0104,1
00000105,senha0105,1
00000106,senha0106,1
00000107,senha0107,1
00000108,senha0108,1
00000109,senha0109,1
00000110,senha0110,1
00000111,senha0111,1
00000112,senha0112,1
00000113,senha0113,1
00000114,senha0114,1
00000115,senha0115,1
00000116,senha0116,1
00000117,senha0117,1
00000118,senha0118,1
00000119,senha0119,1
00000120,senha0120,1
00000121,senha0121,1
00000122,senha0122,1
00000123,senha0123,1
00000124,senha0124,1
00000125,senha0125,1
00000126,senha0126,1
00000127,senha0127,1
00000128,senha0128,1
00000129,senha0129,1
00000130,senha0130,1
00000131,senha0131,1
00000132,senha0132,1
00000133,senha0133,1
00000134,senha0134,1
00000135,senha0135,1
00000136,senha0136,1
00000137,senha0137,1
00000138,senha0138,1
00000139,senha0139,1
00000140,senha0140,1
00000141,senha0141,1
00000142,senha0142,1
00000143,senha0143,1
00000144,senha0144,1
00000145,senha0145,1
00000146,senha0146,1
00000147,senha0147,1
00000148,senha0148,1
00000149,senha0149,1
00000150,senha0150,1
00000151,senha0151,1
00000152,senha0152,1
00000153,senha0153,1
00000154,senha0154,1
00000155,senha0155,1
00000156,senha0156,1
00000157,senha0157,1
00000158,senha0158,1
00000159,senha0159,1
00000160,senha0160,1
00000161,senha0161,1
00000162,senha0162,1
00000163,senha0163,1
00000164,senha0164,1
00000165,senha0165,1
00000166,senha0166,1
00000167,senha0167,1
00000168,senha0168,1
00000169,senha0169,1
00000170,senha0170,1
00000171,senha0171,1
00000172,senha0172,1
00000173,senha0173,1
00000174,senha0174,1
00000175,senha0175,1
00000176,senha0176,1
00000177,senha0177,1
00000178,senha0178,1
00000179,senha0179,1
00000180,senha0180,1
00000181,senha0181,1
00000182,senha0182,1
00000183,senha0183,1
00000184,senha0184,1
00000185,senha0185,1
00000186,senha0186,1
00000187,senha0187,1
00000188,senha0188,1
00000189,senha0189,1
00000190,senha0190,1
00000191,senha0191,1
00000192,senha0192,1
00000193,senha0193,1
00000194,senha0194,1
00000195,senha0195,1
00000196,senha0196,1
00000197,senha0197,1
00000198,senha0198,1
00000199,senha0199,1
00000200,senha0200,1
